Screenshot (5)_edited.jpg	https://static.wixstatic.com/media/473014_4f18c6853ac04416a7fcdc37734a1818~mv2.jpg
flying real bat in a rain forest.jpg	https://static.wixstatic.com/media/473014_ca6a3e63a45c458a82beb77ac64d6a15~mv2.jpg
real flying humming bird in a rainforest.jpg	https://static.wixstatic.com/media/473014_0bc05270d86a40d7bcdb70d1ff0f117d~mv2.jpg
Red Neurons Background.jpg	https://static.wixstatic.com/media/473014_3b98ad14dc1945858f3954eed7f2f675~mv2.jpg
giraffe in a plain.jpg	https://static.wixstatic.com/media/473014_9f86b0dfb312459e864653e587bf92a7~mv2.jpg
real armadillo in a rainforest.jpg	https://static.wixstatic.com/media/473014_0912160dd46c424aaaeae5ee5581b2f1~mv2.jpg
realistic gorilla walking in a rainforest_edited.jpg	https://static.wixstatic.com/media/473014_f05abcb4839b42adb69dbf699442d10f~mv2.jpg
realistic gorilla walking in a rainforest.jpg	https://static.wixstatic.com/media/473014_fa3fa8963c634b4a987ce37e8eafc360~mv2.jpg
realistic gorilla walking in a rainforest.jpg	https://static.wixstatic.com/media/473014_bc94b16e843f428c9a0e8db6908b5b25~mv2.jpg
Normal lizard in a rainforest.jpg	https://static.wixstatic.com/media/473014_661d64d7929d48358bf0b21d18cc6422~mv2.jpg
lively rainforest.jpg	https://static.wixstatic.com/media/473014_75f01dffa30e427586eea2b77672c916~mv2.jpg
poisonous frog.jpg	https://static.wixstatic.com/media/473014_2280c0f7a5d24872b8da01e34650bb93~mv2.jpg
snake.jpg	https://static.wixstatic.com/media/473014_cabaaf2d5c4c4eb8a9ffe1197a2f9794~mv2.jpg
grasshopper.jpg	https://static.wixstatic.com/media/473014_221e75761a8544e788fda8b98ea984c0~mv2.jpg
jesus-christ-lizard-running-on-water.webp	https://static.wixstatic.com/media/473014_5bf1368627e546ca95817d9b7dbb22a5~mv2.webp
ABADÁ - Capoeira Batizado 2023 Flyer (Parents).png	https://static.wixstatic.com/media/473014_92be22ded2f04a1a95869a4af8fb9aa7~mv2.png
Mestre Pernilongo.webp	https://static.wixstatic.com/media/473014_3401328370b04f2bb2dd99c78eea11df~mv2.webp
Mestra-Marcia-Berimbau.jpg	https://static.wixstatic.com/media/473014_49fa715f9fef4bc7826032cf796b9a4a~mv2.jpg
Mestra Edna Lima.jpg	https://static.wixstatic.com/media/473014_45bd6c2e77aa4c8c9c2a989d8c9aeed2~mv2.jpg
Mestre Cobra.jpg	https://static.wixstatic.com/media/473014_a2f584a24fd04c5d91f21d957e8437a2~mv2.jpg
Samba de roda image.png	https://static.wixstatic.com/media/473014_b73982b79fdf40b3b68e9e651c64000f~mv2.png
IMG-20221205-WA0050.jpg	https://static.wixstatic.com/media/473014_4b517d2f6c924ace95f52f1330827ac0~mv2.jpg
IMG-20221205-WA0051.jpg	https://static.wixstatic.com/media/473014_c0441dae4e6b4bd0a7e3c87a4824ade1~mv2.jpg
IMG-20221205-WA0052.jpg	https://static.wixstatic.com/media/473014_3036ea2e3558496abb923747d75727c4~mv2.jpg
IMG-20220902-WA0006.jpg	https://static.wixstatic.com/media/473014_f478a84bcd2f41a790aa69497c989f67~mv2.jpg
slave_trade_1650-1860.jpg	https://static.wixstatic.com/media/473014_a0e32a6d788344818aa1af797cae2550~mv2.jpg
African Continent Map.jpg	https://static.wixstatic.com/media/473014_70e542516a634a4db324f55e9784a2e4~mv2.jpg
Map-of-the-26-Brazilian-states-and-the-Federal-District-of-Brasilia.png	https://static.wixstatic.com/media/473014_20ba21813d594db1b6ccf7a8c11f28d5~mv2.png
IMG_20220522_102245_edited.jpg	https://static.wixstatic.com/media/473014_1e01df1d1f474bf5a53a84aa634d38eb~mv2.jpg
IMG_20220522_102245.jpg	https://static.wixstatic.com/media/473014_bd2d0a7cdd2d40f6a279bc6733423139~mv2.jpg
IMG-20220522-WA0033_edited.jpg	https://static.wixstatic.com/media/473014_29000afbb80b428cad9d6a7f45e48d07~mv2.jpg
IMG-20220522-WA0033.jpg	https://static.wixstatic.com/media/473014_cfe9cc346e6f4b989e92fe308137118f~mv2.jpg
Screenshot_20220613-095220_edited.jpg	https://static.wixstatic.com/media/473014_80d566baffa5474ea8abe23600d2abb1~mv2.jpg
IMG-20220606-WA0020.jpg	https://static.wixstatic.com/media/473014_bb1aaadfe03c4ce2ae2b62f90ae0f1ff~mv2.jpg
